<?xml version="1.0" encoding="UTF-8"?>
<project-private xmlns="http://www.netbeans.org/ns/project-private/1">
    <editor-bookmarks xmlns="http://www.netbeans.org/ns/editor-bookmarks/2" lastBookmarkId="0"/>
    <open-files xmlns="http://www.netbeans.org/ns/projectui-open-files/2">
        <group>
            <file>file:/C:/wamp64/www/final/submit110.php</file>
            <file>file:/C:/wamp64/www/final/forget.php</file>
            <file>file:/C:/wamp64/www/final/hair.php</file>
            <file>file:/C:/wamp64/www/final/order.php</file>
            <file>file:/C:/wamp64/www/final/submit102.php</file>
            <file>file:/C:/wamp64/www/final/script103.js</file>
            <file>file:/C:/wamp64/www/final/submit84.php</file>
            <file>file:/C:/wamp64/www/final/submit119.php</file>
            <file>file:/C:/wamp64/www/final/submit145.php</file>
            <file>file:/C:/wamp64/www/final/submit86.php</file>
            <file>file:/C:/wamp64/www/final/submit135.php</file>
            <file>file:/C:/wamp64/www/final/script126.js</file>
            <file>file:/C:/wamp64/www/final/script82.js</file>
            <file>file:/C:/wamp64/www/final/submit127.php</file>
            <file>file:/C:/wamp64/www/final/script79.js</file>
            <file>file:/C:/wamp64/www/final/submit94.php</file>
            <file>file:/C:/wamp64/www/final/gulabjamun.php</file>
            <file>file:/C:/wamp64/www/final/script96.js</file>
            <file>file:/C:/wamp64/www/final/script112.js</file>
            <file>file:/C:/wamp64/www/final/submit104.php</file>
            <file>file:/C:/wamp64/www/final/checkout.php</file>
            <file>file:/C:/wamp64/www/final/script137.js</file>
            <file>file:/C:/wamp64/www/final/aboutus.php</file>
            <file>file:/C:/wamp64/www/final/script106.js</file>
            <file>file:/C:/wamp64/www/final/script88.js</file>
            <file>file:/C:/wamp64/www/final/script141.js</file>
            <file>file:/C:/wamp64/www/final/submit117.php</file>
            <file>file:/C:/wamp64/www/final/script.js</file>
            <file>file:/C:/wamp64/www/final/script120.js</file>
            <file>file:/C:/wamp64/www/final/submit82.php</file>
            <file>file:/C:/wamp64/www/final/script123.js</file>
            <file>file:/C:/wamp64/www/final/submit78.php</file>
            <file>file:/C:/wamp64/www/final/submit129.php</file>
            <file>file:/C:/wamp64/www/final/script144.js</file>
            <file>file:/C:/wamp64/www/final/script117.js</file>
            <file>file:/C:/wamp64/www/final/bisckets.php</file>
            <file>file:/C:/wamp64/www/final/script91.js</file>
            <file>file:/C:/wamp64/www/final/submit120.php</file>
            <file>file:/C:/wamp64/www/final/cart.php</file>
            <file>file:/C:/wamp64/www/final/script99.js</file>
            <file>file:/C:/wamp64/www/final/pulihora.php</file>
            <file>file:/C:/wamp64/www/final/submit133.php</file>
            <file>file:/C:/wamp64/www/final/submit96.php</file>
            <file>file:/C:/wamp64/www/final/drinks.php</file>
            <file>file:/C:/wamp64/www/final/script97.js</file>
            <file>file:/C:/wamp64/www/final/script109.js</file>
            <file>file:/C:/wamp64/www/final/submit140.php</file>
            <file>file:/C:/wamp64/www/final/script138.js</file>
            <file>file:/C:/wamp64/www/final/submit123.php</file>
            <file>file:/C:/wamp64/www/final/sambar.php</file>
            <file>file:/C:/wamp64/www/final/script140.js</file>
            <file>file:/C:/wamp64/www/final/script121.js</file>
            <file>file:/C:/wamp64/www/final/submit99.php</file>
            <file>file:/C:/wamp64/www/final/submit106.php</file>
            <file>file:/C:/wamp64/www/final/script101.js</file>
            <file>file:/C:/wamp64/www/final/submit97.php</file>
            <file>file:/C:/wamp64/www/final/dates.php</file>
            <file>file:/C:/wamp64/www/final/script124.js</file>
            <file>file:/C:/wamp64/www/final/submit114.php</file>
            <file>file:/C:/wamp64/www/final/script80.js</file>
            <file>file:/C:/wamp64/www/final/script29.js</file>
            <file>file:/C:/wamp64/www/final/submit90.php</file>
            <file>file:/C:/wamp64/www/final/login_submit.php</file>
            <file>file:/C:/wamp64/www/final/script118.js</file>
            <file>file:/C:/wamp64/www/final/submit81.php</file>
            <file>file:/C:/wamp64/www/final/submit131.php</file>
            <file>file:/C:/wamp64/www/final/script135.js</file>
            <file>file:/C:/wamp64/www/final/script94.js</file>
            <file>file:/C:/wamp64/www/final/submit112.php</file>
            <file>file:/C:/wamp64/www/final/signup.php</file>
            <file>file:/C:/wamp64/www/final/sugar.php</file>
            <file>file:/C:/wamp64/www/final/script129.js</file>
            <file>file:/C:/wamp64/www/final/script104.js</file>
            <file>file:/C:/wamp64/www/final/script143.js</file>
            <file>file:/C:/wamp64/www/final/submit88.php</file>
            <file>file:/C:/wamp64/www/final/submit108.php</file>
            <file>file:/C:/wamp64/www/final/submit92.php</file>
            <file>file:/C:/wamp64/www/final/submit138.php</file>
            <file>file:/C:/wamp64/www/final/submit125.php</file>
            <file>file:/C:/wamp64/www/final/script115.js</file>
            <file>file:/C:/wamp64/www/final/paste.php</file>
            <file>file:/C:/wamp64/www/final/script132.js</file>
            <file>file:/C:/wamp64/www/final/ketchup.php</file>
            <file>file:/C:/wamp64/www/final/script136.js</file>
            <file>file:/C:/wamp64/www/final/submit128.php</file>
            <file>file:/C:/wamp64/www/final/script95.js</file>
            <file>file:/C:/wamp64/www/final/submit93.php</file>
            <file>file:/C:/wamp64/www/final/protienshakes.php</file>
            <file>file:/C:/wamp64/www/final/script89.js</file>
            <file>file:/C:/wamp64/www/final/submit136.php</file>
            <file>file:/C:/wamp64/www/final/script107.js</file>
            <file>file:/C:/wamp64/www/final/cleaning.php</file>
            <file>file:/C:/wamp64/www/final/script142.js</file>
            <file>file:/C:/wamp64/www/final/rice.php</file>
            <file>file:/C:/wamp64/www/final/batteries.php</file>
            <file>file:/C:/wamp64/www/final/kellogs.php</file>
            <file>file:/C:/wamp64/www/final/soaps.php</file>
            <file>file:/C:/wamp64/www/final/script122.js</file>
            <file>file:/C:/wamp64/www/final/script86.js</file>
            <file>file:/C:/wamp64/www/final/garlicpaste.php</file>
            <file>file:/C:/wamp64/www/final/script145.js</file>
            <file>file:/C:/wamp64/www/final/maggi.php</file>
            <file>file:/C:/wamp64/www/final/submit118.php</file>
            <file>file:/C:/wamp64/www/final/script92.js</file>
            <file>file:/C:/wamp64/www/final/script116.js</file>
            <file>file:/C:/wamp64/www/final/submit101.php</file>
            <file>file:/C:/wamp64/www/final/script98.js</file>
            <file>file:/C:/wamp64/www/final/submit85.php</file>
            <file>file:/C:/wamp64/www/final/script110.js</file>
            <file>file:/C:/wamp64/www/final/submit144.php</file>
            <file>file:/C:/wamp64/www/final/submit134.php</file>
            <file>file:/C:/wamp64/www/final/submit79.php</file>
            <file>file:/C:/wamp64/www/final/script133.js</file>
            <file>file:/C:/wamp64/www/final/submit121.php</file>
            <file>file:/C:/wamp64/www/final/oil.php</file>
            <file>file:/C:/wamp64/www/final/success.php</file>
            <file>file:/C:/wamp64/www/final/pickels.php</file>
            <file>file:/C:/wamp64/www/final/submit95.php</file>
            <file>file:/C:/wamp64/www/final/script127.js</file>
            <file>file:/C:/wamp64/www/final/products.php</file>
            <file>file:/C:/wamp64/www/final/script102.js</file>
            <file>file:/C:/wamp64/www/final/wheat.php</file>
            <file>file:/C:/wamp64/www/final/submit103.php</file>
            <file>file:/C:/wamp64/www/final/submit116.php</file>
            <file>file:/C:/wamp64/www/final/script81.js</file>
            <file>file:/C:/wamp64/www/final/index.php</file>
            <file>file:/C:/wamp64/www/final/submit83.php</file>
            <file>file:/C:/wamp64/www/final/script130.js</file>
            <file>file:/C:/wamp64/www/final/energy.php</file>
            <file>file:/C:/wamp64/www/final/script78.js</file>
            <file>file:/C:/wamp64/www/final/script113.js</file>
            <file>file:/C:/wamp64/www/final/script111.js</file>
            <file>file:/C:/wamp64/www/final/submit98.php</file>
            <file>file:/C:/wamp64/www/final/submit80.php</file>
            <file>file:/C:/wamp64/www/final/submit115.php</file>
            <file>file:/C:/wamp64/www/final/script134.js</file>
            <file>file:/C:/wamp64/www/final/script93.js</file>
            <file>file:/C:/wamp64/www/final/script105.js</file>
            <file>file:/C:/wamp64/www/final/script128.js</file>
            <file>file:/C:/wamp64/www/final/script87.js</file>
            <file>file:/C:/wamp64/www/final/submit132.php</file>
            <file>file:/C:/wamp64/www/final/submit122.php</file>
            <file>file:/C:/wamp64/www/final/script90.js</file>
            <file>file:/C:/wamp64/www/final/submit89.php</file>
            <file>file:/C:/wamp64/www/final/script131.js</file>
            <file>file:/C:/wamp64/www/final/allout.php</file>
            <file>file:/C:/wamp64/www/final/submit105.php</file>
            <file>file:/C:/wamp64/www/final/script114.js</file>
            <file>file:/C:/wamp64/www/final/submit109.php</file>
            <file>file:/C:/wamp64/www/final/submit31.php</file>
            <file>file:/C:/wamp64/www/final/script108.js</file>
            <file>file:/C:/wamp64/www/final/submit87.php</file>
            <file>file:/C:/wamp64/www/final/submit91.php</file>
            <file>file:/C:/wamp64/www/final/submit126.php</file>
            <file>file:/C:/wamp64/www/final/script139.js</file>
            <file>file:/C:/wamp64/www/final/submit139.php</file>
            <file>file:/C:/wamp64/www/final/snacks.php</file>
            <file>file:/C:/wamp64/www/final/submit113.php</file>
            <file>file:/C:/wamp64/www/final/submit143.php</file>
            <file>file:/C:/wamp64/www/final/submit100.php</file>
            <file>file:/C:/wamp64/www/final/submit130.php</file>
            <file>file:/C:/wamp64/www/final/chilli.php</file>
            <file>file:/C:/wamp64/www/final/script100.js</file>
            <file>file:/C:/wamp64/www/final/cart-add.php</file>
            <file>file:/C:/wamp64/www/final/tea.php</file>
            <file>file:/C:/wamp64/www/final/script125.js</file>
            <file>file:/C:/wamp64/www/final/script119.js</file>
            <file>file:/C:/wamp64/www/final/submit124.php</file>
            <file>file:/C:/wamp64/www/final/submit111.php</file>
            <file>file:/C:/wamp64/www/final/submit137.php</file>
            <file>file:/C:/wamp64/www/final/terms.php</file>
            <file>file:/C:/wamp64/www/final/submit107.php</file>
        </group>
    </open-files>
</project-private>
